industry_id,display_name_cn,sw_code,board_name,board_code,board_rank,board_pct_change,board_leader,stock_code,stock_name,latest_price,pct_change,turnover_amount,turnover_rate,representative_score,is_board_leader,candidate_rank
sw_l1_801010,农林牧渔,801010.SI,农林牧渔,BK0433,47,0.5,巨星农牧,603477,巨星农牧,17.03,10.01,571880602.0,6.79,0.939252,True,1
sw_l1_801010,农林牧渔,801010.SI,农林牧渔,BK0433,47,0.5,巨星农牧,000592,平潭发展,12.57,4.58,6231981756.07,26.01,0.892523,False,2
sw_l1_801010,农林牧渔,801010.SI,农林牧渔,BK0433,47,0.5,巨星农牧,300871,回盛生物,26.48,6.73,664301524.46,12.4,0.868224,False,3
sw_l1_801010,农林牧渔,801010.SI,农林牧渔,BK0433,47,0.5,巨星农牧,300189,神农种业,6.63,-4.33,620967168.93,10.32,0.846729,False,4
sw_l1_801010,农林牧渔,801010.SI,农林牧渔,BK0433,47,0.5,巨星农牧,600195,中牧股份,8.12,7.12,439262994.0,5.34,0.821495,False,5
sw_l1_801030,基础化工,801030.SI,基础化工,BK1206,241,-1.5,星辉环材,300834,星辉环材,43.49,20.01,939894278.27,11.65,0.973394,True,1
sw_l1_801030,基础化工,801030.SI,基础化工,BK1206,241,-1.5,星辉环材,002263,大东南,4.73,10.0,2576541151.52,30.11,0.894266,False,2
sw_l1_801030,基础化工,801030.SI,基础化工,BK1206,241,-1.5,星辉环材,002455,百川股份,13.29,-3.97,1579347537.81,17.73,0.881651,False,3
sw_l1_801030,基础化工,801030.SI,基础化工,BK1206,241,-1.5,星辉环材,300731,科创新源,61.03,-7.81,694585678.0,9.42,0.850688,False,4
sw_l1_801030,基础化工,801030.SI,基础化工,BK1206,241,-1.5,星辉环材,002361,神剑股份,17.29,1.71,5977900915.51,42.44,0.844954,False,5
sw_l1_801040,钢铁,801040.SI,钢铁,BK0479,279,-1.68,大中矿业,001203,大中矿业,40.71,2.85,1188605012.72,2.25,0.952273,True,1
sw_l1_801040,钢铁,801040.SI,钢铁,BK0479,279,-1.68,大中矿业,600010,包钢股份,2.62,-0.38,2881502857.0,3.52,0.802273,False,2
sw_l1_801040,钢铁,801040.SI,钢铁,BK0479,279,-1.68,大中矿业,600516,方大炭素,5.5,-3.85,334775896.0,1.49,0.785227,False,3
sw_l1_801040,钢铁,801040.SI,钢铁,BK0479,279,-1.68,大中矿业,600126,杭钢股份,8.72,-0.68,997301405.0,3.37,0.784091,False,4
sw_l1_801040,钢铁,801040.SI,钢铁,BK0479,279,-1.68,大中矿业,600307,酒钢宏兴,1.89,-4.55,312892781.0,2.6,0.759091,False,5
sw_l1_801050,有色金属,801050.SI,有色金属,BK0478,355,-2.05,西藏矿业,000762,西藏矿业,31.26,9.99,1982438829.52,12.42,0.902113,True,1
sw_l1_801050,有色金属,801050.SI,有色金属,BK0478,355,-2.05,西藏矿业,002460,赣锋锂业,79.93,3.39,7246898783.45,7.5,0.866197,False,2
sw_l1_801050,有色金属,801050.SI,有色金属,BK0478,355,-2.05,西藏矿业,002428,云南锗业,47.5,-4.81,3331651518.31,10.7,0.861972,False,3
sw_l1_801050,有色金属,801050.SI,有色金属,BK0478,355,-2.05,西藏矿业,000657,中钨高新,46.17,-5.52,2524955532.3,3.73,0.824648,False,4
sw_l1_801050,有色金属,801050.SI,有色金属,BK0478,355,-2.05,西藏矿业,300139,晓程科技,55.02,-7.39,2258670943.8,17.39,0.823239,False,5
sw_l1_801080,电子,801080.SI,电子,BK1201,432,-2.7,光莆股份,002273,水晶光电,24.84,6.98,3257158031.09,9.55,0.868712,False,1
sw_l1_801080,电子,801080.SI,电子,BK1201,432,-2.7,光莆股份,603629,利通电子,60.26,-8.52,1920592046.0,12.21,0.851534,False,2
sw_l1_801080,电子,801080.SI,电子,BK1201,432,-2.7,光莆股份,001309,德明利,360.15,-3.18,6941387994.2,11.79,0.850511,False,3
sw_l1_801080,电子,801080.SI,电子,BK1201,432,-2.7,光莆股份,688048,长光华芯,216.55,-4.69,2567616759.0,6.55,0.846012,False,4
sw_l1_801080,电子,801080.SI,电子,BK1201,432,-2.7,光莆股份,300632,光莆股份,14.93,10.67,624940400.38,18.74,0.845808,True,5
sw_l1_801880,汽车,801880.SI,汽车,BK1211,227,-1.46,川环科技,300547,川环科技,35.29,10.91,1036847490.32,16.76,0.978931,True,1
sw_l1_801880,汽车,801880.SI,汽车,BK1211,227,-1.46,川环科技,301005,超捷股份,150.85,-7.25,1697775511.45,8.41,0.88522,False,2
sw_l1_801880,汽车,801880.SI,汽车,BK1211,227,-1.46,川环科技,301225,恒勃股份,110.22,4.91,616268262.31,19.03,0.852516,False,3
sw_l1_801880,汽车,801880.SI,汽车,BK1211,227,-1.46,川环科技,000981,山子高科,4.13,-3.5,1150179490.29,2.9,0.851887,False,4
sw_l1_801880,汽车,801880.SI,汽车,BK1211,227,-1.46,川环科技,600066,宇通客车,38.25,2.71,1972884316.0,2.35,0.842767,False,5
sw_l1_801110,家用电器,801110.SI,家用电器,BK0456,235,-1.48,立达信,300342,天银机电,56.0,5.28,3441827382.08,15.03,0.894762,False,1
sw_l1_801110,家用电器,801110.SI,家用电器,BK0456,235,-1.48,立达信,301008,宏昌科技,40.96,-8.08,1032291764.82,21.19,0.872381,False,2
sw_l1_801110,家用电器,801110.SI,家用电器,BK0456,235,-1.48,立达信,605365,立达信,20.16,6.61,237697141.0,2.39,0.83619,True,3
sw_l1_801110,家用电器,801110.SI,家用电器,BK0456,235,-1.48,立达信,605555,德昌股份,15.19,-9.64,358841657.0,4.8,0.821905,False,4
sw_l1_801110,家用电器,801110.SI,家用电器,BK0456,235,-1.48,立达信,002035,华帝股份,6.82,2.56,499701180.4,9.42,0.81619,False,5
sw_l1_801120,食品饮料,801120.SI,食品饮料,BK0438,99,-0.4,紫燕食品,600186,莲花控股,7.08,-3.41,1452176017.0,11.36,0.882114,False,1
sw_l1_801120,食品饮料,801120.SI,食品饮料,BK0438,99,-0.4,紫燕食品,002840,华统股份,11.54,3.96,946803487.39,10.15,0.865854,False,2
sw_l1_801120,食品饮料,801120.SI,食品饮料,BK0438,99,-0.4,紫燕食品,603198,迎驾贡酒,36.35,6.69,542842292.0,1.89,0.825203,False,3
sw_l1_801120,食品饮料,801120.SI,食品饮料,BK0438,99,-0.4,紫燕食品,603057,紫燕食品,26.93,7.68,182099109.0,1.68,0.821951,True,4
sw_l1_801120,食品饮料,801120.SI,食品饮料,BK0438,99,-0.4,紫燕食品,000995,皇台酒业,13.53,-3.29,342741460.76,14.08,0.80813,False,5
sw_l1_801130,纺织服饰,801130.SI,纺织服饰,BK0436,232,-1.47,迎丰股份,605055,迎丰股份,10.65,5.76,155855399.0,3.4,0.9,True,1
sw_l1_801130,纺织服饰,801130.SI,纺织服饰,BK0436,232,-1.47,迎丰股份,002083,孚日股份,12.44,-3.94,1035240904.73,8.8,0.894175,False,2
sw_l1_801130,纺织服饰,801130.SI,纺织服饰,BK0436,232,-1.47,迎丰股份,300005,探路者,14.32,-4.09,495731467.34,3.89,0.878641,False,3
sw_l1_801130,纺织服饰,801130.SI,纺织服饰,BK0436,232,-1.47,迎丰股份,002269,美邦服饰,1.75,-4.89,347134545.25,7.85,0.874757,False,4
sw_l1_801130,纺织服饰,801130.SI,纺织服饰,BK0436,232,-1.47,迎丰股份,300819,聚杰微纤,42.0,-3.51,238264014.0,4.18,0.847573,False,5
sw_l1_801140,轻工制造,801140.SI,轻工制造,BK1212,193,-1.27,松炀资源,603863,松炀资源,17.25,10.01,245574060.0,7.11,0.929268,True,1
sw_l1_801140,轻工制造,801140.SI,轻工制造,BK1212,193,-1.27,松炀资源,002565,顺灏股份,16.2,-2.99,2786910206.44,16.01,0.882622,False,2
sw_l1_801140,轻工制造,801140.SI,轻工制造,BK1212,193,-1.27,松炀资源,605299,舒华体育,22.94,6.2,1364229331.0,14.87,0.880488,False,3
sw_l1_801140,轻工制造,801140.SI,轻工制造,BK1212,193,-1.27,松炀资源,002969,嘉美包装,21.53,-7.4,1467538322.64,6.11,0.878659,False,4
sw_l1_801140,轻工制造,801140.SI,轻工制造,BK1212,193,-1.27,松炀资源,002229,鸿博股份,17.32,-5.72,914895580.63,10.51,0.87439,False,5
sw_l1_801150,医药生物,801150.SI,医药生物,BK1216,52,0.41,重药控股,603538,美诺华,42.32,6.36,3905407481.0,43.8,0.891039,False,1
sw_l1_801150,医药生物,801150.SI,医药生物,BK1216,52,0.41,重药控股,300436,广生堂,127.14,6.81,2909195011.06,16.92,0.883707,False,2
sw_l1_801150,医药生物,801150.SI,医药生物,BK1216,52,0.41,重药控股,002437,誉衡药业,3.82,7.61,1875186711.22,23.65,0.878615,False,3
sw_l1_801150,医药生物,801150.SI,医药生物,BK1216,52,0.41,重药控股,002821,凯莱英,126.65,3.94,3840448784.19,9.62,0.871894,False,4
sw_l1_801150,医药生物,801150.SI,医药生物,BK1216,52,0.41,重药控股,002082,万邦德,34.54,4.04,2601988648.28,14.32,0.869552,False,5
sw_l1_801160,公用事业,801160.SI,公用事业,BK0427,175,-1.11,川能动力,000155,川能动力,16.97,9.98,1464253494.7,4.86,0.919286,True,1
sw_l1_801160,公用事业,801160.SI,公用事业,BK0427,175,-1.11,川能动力,600821,金开新能,8.28,-8.41,2820979836.0,16.9,0.887143,False,2
sw_l1_801160,公用事业,801160.SI,公用事业,BK0427,175,-1.11,川能动力,002015,协鑫能科,16.39,-4.99,2833391970.67,10.51,0.870714,False,3
sw_l1_801160,公用事业,801160.SI,公用事业,BK0427,175,-1.11,川能动力,600310,广西能源,5.14,-9.98,1585589319.0,20.58,0.862857,False,4
sw_l1_801160,公用事业,801160.SI,公用事业,BK0427,175,-1.11,川能动力,600726,华电能源,5.32,-9.98,2315907549.0,5.53,0.857857,False,5
sw_l1_801170,交通运输,801170.SI,交通运输,BK1210,106,-0.48,招商轮船,601872,招商轮船,19.47,8.17,6428486573.0,4.09,0.993182,True,1
sw_l1_801170,交通运输,801170.SI,交通运输,BK1210,106,-0.48,招商轮船,601975,招商南油,4.8,6.43,2918003310.0,12.91,0.886364,False,2
sw_l1_801170,交通运输,801170.SI,交通运输,BK1210,106,-0.48,招商轮船,600026,中远海能,24.27,2.62,2984177499.0,3.48,0.872727,False,3
sw_l1_801170,交通运输,801170.SI,交通运输,BK1210,106,-0.48,招商轮船,600428,中远海特,9.6,4.92,920833112.0,3.93,0.858333,False,4
sw_l1_801170,交通运输,801170.SI,交通运输,BK1210,106,-0.48,招商轮船,600115,中国东航,4.37,-3.74,1043972468.0,1.41,0.850379,False,5
sw_l1_801180,房地产,801180.SI,房地产,BK1202,346,-1.99,京能置业,600791,京能置业,10.7,6.79,315292701.0,6.68,0.939583,True,1
sw_l1_801180,房地产,801180.SI,房地产,BK1202,346,-1.99,京能置业,600773,西藏城投,18.22,3.23,621942231.0,3.57,0.860937,False,2
sw_l1_801180,房地产,801180.SI,房地产,BK1202,346,-1.99,京能置业,600246,万通发展,9.16,-3.58,487543461.0,2.79,0.84375,False,3
sw_l1_801180,房地产,801180.SI,房地产,BK1202,346,-1.99,京能置业,000620,盈新发展,2.71,-4.58,430499435.86,3.36,0.841667,False,4
sw_l1_801180,房地产,801180.SI,房地产,BK1202,346,-1.99,京能置业,600895,张江高科,34.21,-3.74,696544175.0,1.3,0.834375,False,5
sw_l1_801200,商贸零售,801200.SI,商贸零售,BK1213,215,-1.39,吉峰科技,300022,吉峰科技,10.2,6.81,403458437.64,8.13,0.969,True,1
sw_l1_801200,商贸零售,801200.SI,商贸零售,BK1213,215,-1.39,吉峰科技,002183,怡 亚 通,5.38,-4.95,628575822.98,4.43,0.876,False,2
sw_l1_801200,商贸零售,801200.SI,商贸零售,BK1213,215,-1.39,吉峰科技,600539,狮头股份,14.09,-6.07,400753353.0,12.17,0.863,False,3
sw_l1_801200,商贸零售,801200.SI,商贸零售,BK1213,215,-1.39,吉峰科技,002315,焦点科技,38.72,-3.39,289387828.4,3.67,0.829,False,4
sw_l1_801200,商贸零售,801200.SI,商贸零售,BK1213,215,-1.39,吉峰科技,600250,南京商旅,13.74,1.03,725259883.0,16.63,0.8195,False,5
sw_l1_801210,社会服务,801210.SI,社会服务,BK1214,273,-1.66,*ST云网,600754,锦江酒店,28.15,-3.6,509367286.0,1.99,0.84321,False,1
sw_l1_801210,社会服务,801210.SI,社会服务,BK1214,273,-1.66,*ST云网,600158,中体产业,11.59,1.31,1171029512.0,10.42,0.832716,False,2
sw_l1_801210,社会服务,801210.SI,社会服务,BK1214,273,-1.66,*ST云网,600258,首旅酒店,15.57,-4.01,342370347.0,1.97,0.822222,False,3
sw_l1_801210,社会服务,801210.SI,社会服务,BK1214,273,-1.66,*ST云网,000796,凯撒旅业,5.2,-3.17,188446559.0,2.7,0.81358,False,4
sw_l1_801210,社会服务,801210.SI,社会服务,BK1214,273,-1.66,*ST云网,000524,岭南控股,10.89,-4.47,186585692.69,2.54,0.808642,False,5
sw_l1_801780,银行,801780.SI,银行,BK1283,53,0.37,农业银行,601288,农业银行,6.92,3.44,3860679040.0,0.18,0.913095,True,1
sw_l1_801780,银行,801780.SI,银行,BK1283,53,0.37,农业银行,000001,平安银行,11.27,1.08,1292756711.67,0.59,0.775,False,2
sw_l1_801780,银行,801780.SI,银行,BK1283,53,0.37,农业银行,601328,交通银行,7.09,1.14,1037757399.0,0.56,0.757143,False,3
sw_l1_801780,银行,801780.SI,银行,BK1283,53,0.37,农业银行,601988,中国银行,5.94,1.19,1738174185.0,0.14,0.747619,False,4
sw_l1_801780,银行,801780.SI,银行,BK1283,53,0.37,农业银行,601939,建设银行,9.58,1.38,825714633.0,0.9,0.738095,False,5
sw_l1_801790,非银金融,801790.SI,非银金融,BK1203,297,-1.75,四川双马,300059,东方财富,18.75,-2.29,3391422872.83,1.35,0.860759,False,1
sw_l1_801790,非银金融,801790.SI,非银金融,BK1203,297,-1.75,四川双马,002797,第一创业,7.03,-3.96,1086311894.82,3.64,0.840506,False,2
sw_l1_801790,非银金融,801790.SI,非银金融,BK1203,297,-1.75,四川双马,601688,华泰证券,17.72,-2.64,1265000338.0,0.97,0.824684,False,3
sw_l1_801790,非银金融,801790.SI,非银金融,BK1203,297,-1.75,四川双马,601336,新华保险,60.65,-2.77,1134047880.0,0.89,0.814557,False,4
sw_l1_801790,非银金融,801790.SI,非银金融,BK1203,297,-1.75,四川双马,000987,越秀资本,8.17,-5.33,673081332.74,1.62,0.798734,False,5
sw_l1_801230,综合,801230.SI,综合,BK1217,114,-0.56,漳州发展,000753,漳州发展,7.32,3.54,555196246.92,7.73,0.910526,True,1
sw_l1_801230,综合,801230.SI,综合,BK1217,114,-0.56,漳州发展,600673,东阳光,29.87,-4.87,1319079928.0,1.45,0.852632,False,2
sw_l1_801230,综合,801230.SI,综合,BK1217,114,-0.56,漳州发展,000632,三木集团,4.89,3.16,413121381.73,17.93,0.778947,False,3
sw_l1_801230,综合,801230.SI,综合,BK1217,114,-0.56,漳州发展,000833,粤桂股份,25.17,0.48,1091935285.82,9.44,0.773684,False,4
sw_l1_801230,综合,801230.SI,综合,BK1217,114,-0.56,漳州发展,600682,南京新百,7.32,3.1,411141866.0,4.84,0.721053,False,5
sw_l1_801710,建筑材料,801710.SI,建筑材料,BK1208,311,-1.82,濮耐股份,603256,宏和科技,68.36,-6.27,1722129630.0,2.86,0.876,False,1
sw_l1_801710,建筑材料,801710.SI,建筑材料,BK1208,311,-1.82,濮耐股份,301526,国际复材,11.33,-4.23,1302285512.07,8.1,0.87,False,2
sw_l1_801710,建筑材料,801710.SI,建筑材料,BK1208,311,-1.82,濮耐股份,601112,振石股份,19.25,-4.23,406428577.0,11.84,0.826,False,3
sw_l1_801710,建筑材料,801710.SI,建筑材料,BK1208,311,-1.82,濮耐股份,605006,山东玻纤,9.48,-1.96,506094535.0,9.05,0.817333,False,4
sw_l1_801710,建筑材料,801710.SI,建筑材料,BK1208,311,-1.82,濮耐股份,002080,中材科技,39.52,-4.01,1064259159.07,1.59,0.814667,False,5
sw_l1_801720,建筑装饰,801720.SI,建筑装饰,BK1209,283,-1.7,中工国际,002051,中工国际,9.91,9.99,864614895.42,7.31,0.945752,True,1
sw_l1_801720,建筑装饰,801720.SI,建筑装饰,BK1209,283,-1.7,中工国际,603601,再升科技,14.1,-5.18,4314743356.0,26.0,0.893464,False,2
sw_l1_801720,建筑装饰,801720.SI,建筑装饰,BK1209,283,-1.7,中工国际,000065,北方国际,15.17,4.12,1563798175.47,10.68,0.869935,False,3
sw_l1_801720,建筑装饰,801720.SI,建筑装饰,BK1209,283,-1.7,中工国际,601789,宁波建工,5.55,-5.45,884403922.0,14.42,0.85098,False,4
sw_l1_801720,建筑装饰,801720.SI,建筑装饰,BK1209,283,-1.7,中工国际,600667,太极实业,8.8,-4.03,1115067170.0,5.91,0.847059,False,5
sw_l1_801730,电力设备,801730.SI,电力设备,BK1200,360,-2.09,新能泰山,000720,新能泰山,5.4,9.98,1370324228.84,20.52,0.922506,True,1
sw_l1_801730,电力设备,801730.SI,电力设备,BK1200,360,-2.09,新能泰山,603778,国晟科技,29.16,6.04,4374626455.0,23.97,0.888235,False,2
sw_l1_801730,电力设备,801730.SI,电力设备,BK1200,360,-2.09,新能泰山,002471,中超控股,9.36,6.12,4335369325.77,33.89,0.88798,False,3
sw_l1_801730,电力设备,801730.SI,电力设备,BK1200,360,-2.09,新能泰山,002309,中利集团,4.98,9.93,3568213733.4,30.04,0.885934,False,4
sw_l1_801730,电力设备,801730.SI,电力设备,BK1200,360,-2.09,新能泰山,002560,通达股份,13.06,10.03,2709401042.13,46.58,0.880307,False,5
sw_l1_801890,机械设备,801890.SI,机械设备,BK1205,278,-1.68,必创科技,300667,必创科技,17.78,12.11,415733960.5,13.99,0.916047,True,1
sw_l1_801890,机械设备,801890.SI,机械设备,BK1205,278,-1.68,必创科技,002353,杰瑞股份,108.0,7.56,4335236644.08,5.78,0.885135,False,2
sw_l1_801890,机械设备,801890.SI,机械设备,BK1205,278,-1.68,必创科技,000988,华工科技,100.34,-4.2,6052846908.06,5.91,0.878547,False,3
sw_l1_801890,机械设备,801890.SI,机械设备,BK1205,278,-1.68,必创科技,301338,凯格精机,159.68,-11.37,1234022795.86,12.68,0.877872,False,4
sw_l1_801890,机械设备,801890.SI,机械设备,BK1205,278,-1.68,必创科技,000008,神州高铁,3.12,-4.59,1405354984.29,16.62,0.876858,False,5
sw_l1_801740,国防军工,801740.SI,国防军工,BK1204,336,-1.91,雷科防务,002413,雷科防务,13.58,3.74,3021552725.86,16.8,0.983459,True,1
sw_l1_801740,国防军工,801740.SI,国防军工,BK1204,336,-1.91,雷科防务,000547,航天发展,27.03,-2.91,3399678470.99,7.79,0.871805,False,2
sw_l1_801740,国防军工,801740.SI,国防军工,BK1204,336,-1.91,雷科防务,002025,航天电器,60.62,-7.27,1614032637.62,5.75,0.861654,False,3
sw_l1_801740,国防军工,801740.SI,国防军工,BK1204,336,-1.91,雷科防务,688629,华丰科技,107.21,-3.72,1535584738.0,7.77,0.850376,False,4
sw_l1_801740,国防军工,801740.SI,国防军工,BK1204,336,-1.91,雷科防务,600879,航天电子,21.05,-3.22,2178043346.0,3.09,0.845113,False,5
sw_l1_801750,计算机,801750.SI,计算机,BK1207,445,-2.84,友车科技,300017,网宿科技,16.55,-6.66,3723692475.18,9.65,0.888372,False,1
sw_l1_801750,计算机,801750.SI,计算机,BK1207,445,-2.84,友车科技,600410,华胜天成,25.14,-5.02,4013289377.0,14.38,0.887645,False,2
sw_l1_801750,计算机,801750.SI,计算机,BK1207,445,-2.84,友车科技,688158,优刻得-W,40.68,-8.01,1979367041.0,11.8,0.88314,False,3
sw_l1_801750,计算机,801750.SI,计算机,BK1207,445,-2.84,友车科技,000815,美利云,19.66,-5.02,2166872057.95,15.75,0.879797,False,4
sw_l1_801750,计算机,801750.SI,计算机,BK1207,445,-2.84,友车科技,300166,东方国信,13.92,-6.7,1754549384.43,13.79,0.876453,False,5
sw_l1_801760,传媒,801760.SI,传媒,BK0486,423,-2.54,内蒙新华,300058,蓝色光标,13.86,-5.0,4086455934.22,8.41,0.890244,False,1
sw_l1_801760,传媒,801760.SI,传媒,BK0486,423,-2.54,内蒙新华,300418,昆仑万维,47.79,-6.66,3173233756.04,5.2,0.881301,False,2
sw_l1_801760,传媒,801760.SI,传媒,BK0486,423,-2.54,内蒙新华,300113,顺网科技,26.62,-6.76,1721987942.92,12.38,0.87561,False,3
sw_l1_801760,传媒,801760.SI,传媒,BK0486,423,-2.54,内蒙新华,301171,易点天下,42.4,-5.92,1530183680.62,9.3,0.865854,False,4
sw_l1_801760,传媒,801760.SI,传媒,BK0486,423,-2.54,内蒙新华,002400,省广集团,8.34,-5.76,1400373109.61,9.61,0.860163,False,5
sw_l1_801770,通信,801770.SI,通信,BK1215,305,-1.79,汇源通信,688313,仕佳光子,92.8,4.41,5488166875.0,12.92,0.842742,False,1
sw_l1_801770,通信,801770.SI,通信,BK1215,305,-1.79,汇源通信,300620,光库科技,200.07,7.0,5001514487.33,10.02,0.842742,False,2
sw_l1_801770,通信,801770.SI,通信,BK1215,305,-1.79,汇源通信,601869,长飞光纤,332.49,7.95,6337712570.0,4.73,0.831452,False,3
sw_l1_801770,通信,801770.SI,通信,BK1215,305,-1.79,汇源通信,000070,特发信息,19.37,4.99,3875170052.76,22.75,0.830645,False,4
sw_l1_801770,通信,801770.SI,通信,BK1215,305,-1.79,汇源通信,300383,光环新网,16.28,-7.76,3416122735.82,11.51,0.820161,False,5
sw_l1_801950,煤炭,801950.SI,煤炭,BK0437,45,0.52,中煤能源,601898,中煤能源,17.91,3.77,820009134.0,0.5,0.86875,True,1
sw_l1_801950,煤炭,801950.SI,煤炭,BK0437,45,0.52,中煤能源,600188,兖矿能源,19.36,1.84,920348480.0,0.8,0.795312,False,2
sw_l1_801950,煤炭,801950.SI,煤炭,BK0437,45,0.52,中煤能源,601088,中国神华,47.69,2.3,1531233784.0,0.2,0.79375,False,3
sw_l1_801950,煤炭,801950.SI,煤炭,BK0437,45,0.52,中煤能源,600758,辽宁能源,4.38,0.46,722399657.0,12.61,0.7625,False,4
sw_l1_801950,煤炭,801950.SI,煤炭,BK0437,45,0.52,中煤能源,601015,陕西黑猫,4.5,1.35,432455746.0,4.72,0.703125,False,5
sw_l1_801960,石油石化,801960.SI,石油石化,BK0464,10,2.99,博汇股份,600759,洲际油气,5.89,4.99,3729409409.0,15.36,0.86875,False,1
sw_l1_801960,石油石化,801960.SI,石油石化,BK0464,10,2.99,博汇股份,300164,通源石油,15.72,6.29,3074912853.23,33.55,0.852083,False,2
sw_l1_801960,石油石化,801960.SI,石油石化,BK0464,10,2.99,博汇股份,603619,中曼石油,35.06,5.73,1343069937.0,8.35,0.789583,False,3
sw_l1_801960,石油石化,801960.SI,石油石化,BK0464,10,2.99,博汇股份,600938,中国海油,39.33,1.79,2858105528.0,2.43,0.754167,False,4
sw_l1_801960,石油石化,801960.SI,石油石化,BK0464,10,2.99,博汇股份,600256,广汇能源,6.68,3.09,1371102470.0,3.22,0.754167,False,5
sw_l1_801970,环保,801970.SI,环保,BK0728,276,-1.67,万德斯,000890,法尔胜,15.9,3.92,1533473474.79,23.33,0.891538,False,1
sw_l1_801970,环保,801970.SI,环保,BK0728,276,-1.67,万德斯,300385,雪浪环境,17.74,-5.13,903241622.74,17.11,0.874615,False,2
sw_l1_801970,环保,801970.SI,环保,BK0728,276,-1.67,万德斯,300779,惠城环保,91.82,-5.1,589297304.52,3.96,0.848462,False,3
sw_l1_801970,环保,801970.SI,环保,BK0728,276,-1.67,万德斯,603588,高能环境,15.47,2.52,1254805246.0,5.34,0.846154,False,4
sw_l1_801970,环保,801970.SI,环保,BK0728,276,-1.67,万德斯,688480,赛恩斯,79.9,-5.39,400532571.0,5.13,0.845385,False,5
sw_l1_801980,美容护理,801980.SI,美容护理,BK1035,157,-0.97,延江股份,300658,延江股份,25.79,6.92,997743951.5,16.94,0.996774,True,1
sw_l1_801980,美容护理,801980.SI,美容护理,BK1035,157,-0.97,延江股份,920982,锦波生物,180.0,5.76,505737099.02,5.16,0.841935,False,2
sw_l1_801980,美容护理,801980.SI,美容护理,BK1035,157,-0.97,延江股份,600249,两面针,7.14,1.85,945112386.0,23.28,0.822581,False,3
sw_l1_801980,美容护理,801980.SI,美容护理,BK1035,157,-0.97,延江股份,603193,润本股份,23.59,-3.56,242216173.0,9.87,0.787097,False,4
sw_l1_801980,美容护理,801980.SI,美容护理,BK1035,157,-0.97,延江股份,300896,爱美客,114.98,-3.78,415546607.84,1.75,0.783871,False,5
